Species,SpeciesName,Plastic,Concentration_mgL,Fold_EC50,Size_um,SurfaceGroup,Time_h,SeriesID,Inhibition_pct,MDA,SOD,GSH
0,藻,PS-NH2,0.0,0.0,0.08,5.0,24.0,PS-NH2_T24h,0.0,1.345,8.643,16.982582525
0,藻,PS-NH2,2.4,0.0199501246882793,0.08,5.0,24.0,PS-NH2_T24h,1.21,2.0915,9.6375,22.005
0,藻,PS-NH2,12.0,0.09975062344139651,0.08,5.0,24.0,PS-NH2_T24h,3.57,4.2795,9.1925,18.5465
0,藻,PS-NH2,60.0,0.49875311720698257,0.08,5.0,24.0,PS-NH2_T24h,12.98,5.067,8.8925,12.71475
0,藻,PS,0.0,0.0,0.08,0.0,24.0,PS_T24h,0.0,1.345,8.64285714285714,16.982582525
0,藻,PS,2.4,0.012121212121212121,0.08,0.0,24.0,PS_T24h,0.8,1.83825,10.15125,21.337
0,藻,PS,12.0,0.06060606060606061,0.08,0.0,24.0,PS_T24h,1.31,3.71,11.75,17.67375
0,藻,PS,60.0,0.30303030303030304,0.08,0.0,24.0,PS_T24h,8.0,5.3375,10.733,13.0605
0,藻,PS-COOH,0.0,0.0,0.08,2.0,24.0,PS-COOH_T24h,0.0,1.345,8.64285714285714,16.982582525
0,藻,PS-COOH,2.4,0.00327242977911099,0.08,2.0,24.0,PS-COOH_T24h,0.87,1.6085,10.922,23.27275
0,藻,PS-COOH,12.0,0.01636214889555495,0.08,2.0,24.0,PS-COOH_T24h,2.2,3.15,12.132,18.3315
0,藻,PS-COOH,60.0,0.08181074447777476,0.08,2.0,24.0,PS-COOH_T24h,4.22,5.035,12.358,15.22925
0,藻,PS-NH2,0.0,0.0,0.08,5.0,48.0,PS-NH2_T48h,0.0,1.78275,6.97225,24.707017545
0,藻,PS-NH2,2.4,0.0199501246882793,0.08,5.0,48.0,PS-NH2_T48h,2.45,3.6465,8.5425,27.8495
0,藻,PS-NH2,12.0,0.09975062344139651,0.08,5.0,48.0,PS-NH2_T48h,7.72,6.0525,9.62,20.54075
0,藻,PS-NH2,60.0,0.49875311720698257,0.08,5.0,48.0,PS-NH2_T48h,17.52,7.1955,6.2025,16.307
0,藻,PS,0.0,0.0,0.08,0.0,48.0,PS_T48h,0.0,1.78275,10.0,24.707017545
0,藻,PS,2.4,0.012121212121212121,0.08,0.0,48.0,PS_T48h,1.86,2.8779,9.235,26.51075
0,藻,PS,12.0,0.06060606060606061,0.08,0.0,48.0,PS_T48h,4.28,5.135,10.655,20.531
0,藻,PS,60.0,0.30303030303030304,0.08,0.0,48.0,PS_T48h,14.58,7.03,8.7625,13.016
0,藻,PS-COOH,0.0,0.0,0.08,2.0,48.0,PS-COOH_T48h,0.0,1.78275,10.0,24.707017545
0,藻,PS-COOH,2.4,0.00327242977911099,0.08,2.0,48.0,PS-COOH_T48h,1.29,2.24075,9.879,25.35575
0,藻,PS-COOH,12.0,0.01636214889555495,0.08,2.0,48.0,PS-COOH_T48h,2.61,4.59,11.3775,20.38775
0,藻,PS-COOH,60.0,0.08181074447777476,0.08,2.0,48.0,PS-COOH_T48h,6.16,6.273,11.09375,12.7525
0,藻,PS-NH2,0.0,0.0,0.08,5.0,72.0,PS-NH2_T72h,0.0,2.16625,9.643,28.499998325
0,藻,PS-NH2,2.4,0.0199501246882793,0.08,5.0,72.0,PS-NH2_T72h,3.34,3.495,16.005,32.22125
0,藻,PS-NH2,12.0,0.09975062344139651,0.08,5.0,72.0,PS-NH2_T72h,11.04,7.3075,18.03,26.70325
0,藻,PS-NH2,60.0,0.49875311720698257,0.08,5.0,72.0,PS-NH2_T72h,25.6,7.89,17.5375,19.2825
0,藻,PS,0.0,0.0,0.08,0.0,72.0,PS_T72h,0.0,2.16625,13.1428571428571,28.499998325
0,藻,PS,2.4,0.012121212121212121,0.08,0.0,72.0,PS_T72h,2.24,3.23175,17.0325,32.282475
0,藻,PS,12.0,0.06060606060606061,0.08,0.0,72.0,PS_T72h,8.0,6.1875,21.867,24.0415
0,藻,PS,60.0,0.30303030303030304,0.08,0.0,72.0,PS_T72h,20.53,7.5975,20.76575,15.87475
0,藻,PS-COOH,0.0,0.0,0.08,2.0,72.0,PS-COOH_T72h,0.0,2.16625,13.1428571428571,28.499998325
0,藻,PS-COOH,2.4,0.00327242977911099,0.08,2.0,72.0,PS-COOH_T72h,2.01,2.74,17.917325,32.74225
0,藻,PS-COOH,12.0,0.01636214889555495,0.08,2.0,72.0,PS-COOH_T72h,3.76,5.45125,21.9515,22.2965
0,藻,PS-COOH,60.0,0.08181074447777476,0.08,2.0,72.0,PS-COOH_T72h,9.78,6.74175,21.201,15.5575
0,藻,PVC,0.0,0.0,0.8,1.0,24.0,PVC_T24h,0.0,0.2945,8.64285714285714,16.982582525
0,藻,PVC,20.0,0.02056343820686819,0.8,1.0,24.0,PVC_T24h,-0.7,1.9835,9.14285714285714,10.975
0,藻,PVC,100.0,0.10281719103434094,0.8,1.0,24.0,PVC_T24h,-3.15,4.354625,11.0714285714286,5.54375
0,藻,PVC,500.0,0.5140859551717047,0.8,1.0,24.0,PVC_T24h,13.15,5.10925,11.8571428571429,3.411875
0,藻,PE,0.0,0.0,7.0,3.0,24.0,PE_T24h,0.0,0.2945,8.64285714285714,16.982582525
0,藻,PE,20.0,0.015268341094740056,7.0,3.0,24.0,PE_T24h,-0.53,1.15725,9.35714285714286,12.499978
0,藻,PE,100.0,0.07634170547370028,7.0,3.0,24.0,PE_T24h,-2.15,2.756,12.7857142857143,7.431842
0,藻,PE,500.0,0.38170852736850136,7.0,3.0,24.0,PE_T24h,9.14,3.991,14.9285714285714,5.411875
0,藻,PP,0.0,0.0,7.0,4.0,24.0,PP_T24h,0.0,0.2945,8.64285714285714,16.982582525
0,藻,PP,20.0,0.014329727018700293,7.0,4.0,24.0,PP_T24h,0.68,0.87625,10.1428571428571,13.3149991675
0,藻,PP,100.0,0.07164863509350147,7.0,4.0,24.0,PP_T24h,-2.99,0.99625,15.0,8.34668120325
0,藻,PP,500.0,0.35824317546750734,7.0,4.0,24.0,PP_T24h,18.27,1.9955,17.5714285714286,6.4118201755
0,藻,PVC,0.0,0.0,0.8,1.0,48.0,PVC_T48h,0.0,0.49875,10.0,24.707017545
0,藻,PVC,20.0,0.02056343820686819,0.8,1.0,48.0,PVC_T48h,0.87,4.87938636363636,10.4285714285714,14.03666675
0,藻,PVC,100.0,0.10281719103434094,0.8,1.0,48.0,PVC_T48h,8.22,7.65262186968084,18.4285714285714,10.7643004385
0,藻,PVC,500.0,0.5140859551717047,0.8,1.0,48.0,PVC_T48h,27.36,8.62948161607142,22.1875,7.221381579
0,藻,PE,0.0,0.0,7.0,3.0,48.0,PE_T48h,0.0,0.49875,10.0,25.033334075
0,藻,PE,20.0,0.015268341094740056,7.0,3.0,48.0,PE_T48h,0.97,3.01229296875,11.2857142857143,14.8664473675
0,藻,PE,100.0,0.07634170547370028,7.0,3.0,48.0,PE_T48h,5.4,3.46090972222222,21.6428571428571,12.68375
0,藻,PE,500.0,0.38170852736850136,7.0,3.0,48.0,PE_T48h,20.39,5.97666666666667,23.6875,8.221375
0,藻,PP,0.0,0.0,7.0,4.0,48.0,PP_T48h,0.0,0.498701388888891,10.0,24.6152192975
0,藻,PP,20.0,0.014329727018700293,7.0,4.0,48.0,PP_T48h,0.82,1.091,12.938285754729,18.4801929825
0,藻,PP,100.0,0.07164863509350147,7.0,4.0,48.0,PP_T48h,6.15,2.6787875,24.0714285714286,13.500730995
0,藻,PP,500.0,0.35824317546750734,7.0,4.0,48.0,PP_T48h,14.97,4.4850625,25.875,10.221375
0,藻,PVC,0.0,0.0,0.8,1.0,72.0,PVC_T72h,0.0,0.3155,13.1428571428571,28.499998325
0,藻,PVC,20.0,0.02056343820686819,0.8,1.0,72.0,PVC_T72h,1.02,2.34075,16.7857142857143,15.879385965
0,藻,PVC,100.0,0.10281719103434094,0.8,1.0,72.0,PVC_T72h,3.93,5.06625,29.0714285714286,13.75
0,藻,PVC,500.0,0.5140859551717047,0.8,1.0,72.0,PVC_T72h,27.83,7.02725,33.8125,11.875
0,藻,PE,0.0,0.0,7.0,3.0,72.0,PE_T72h,0.0,0.3155,13.1428571428571,28.499998325
0,藻,PE,20.0,0.015268341094740056,7.0,3.0,72.0,PE_T72h,0.7,1.564,17.7857142857143,21.2258775
0,藻,PE,100.0,0.07634170547370028,7.0,3.0,72.0,PE_T72h,2.93,2.77375,32.1428571428571,18.5
0,藻,PE,500.0,0.38170852736850136,7.0,3.0,72.0,PE_T72h,20.47,4.978,35.4375,13.67
0,藻,PP,0.0,0.0,7.0,4.0,72.0,PP_T72h,0.0,0.3155,13.1428571428571,28.499998325
0,藻,PP,20.0,0.014329727018700293,7.0,4.0,72.0,PP_T72h,0.97,0.9995,19.2142857142857,24.083333335
0,藻,PP,100.0,0.07164863509350147,7.0,4.0,72.0,PP_T72h,3.77,1.2565,34.1428571428571,20.25
0,藻,PP,500.0,0.35824317546750734,7.0,4.0,72.0,PP_T72h,23.95,3.44275,37.1875,16.625
1,溞,PS-NH2,0.0,0.0,0.08,5.0,24.0,PS-NH2_T24h,0.0,2.54225,3.901260106,22.48760714285715
1,溞,PS-NH2,0.4,0.018518518518518517,0.08,5.0,24.0,PS-NH2_T24h,0.53,3.35925,4.446499999999999,18.06534126984128
1,溞,PS-NH2,2.0,0.09259259259259259,0.08,5.0,24.0,PS-NH2_T24h,2.67,3.97925,6.399500000000001,17.25942857142858
1,溞,PS-NH2,10.0,0.4629629629629629,0.08,5.0,24.0,PS-NH2_T24h,13.3,6.765499999999999,9.563749999999999,14.99725
1,溞,PS,0.0,0.0,0.08,0.0,24.0,PS_T24h,0.0,2.54225,3.561010105990416,22.48760714285715
1,溞,PS,0.4,0.017316017316017316,0.08,0.0,24.0,PS_T24h,0.47,2.91075,4.04525,18.70425
1,溞,PS,2.0,0.08658008658008658,0.08,0.0,24.0,PS_T24h,2.33,3.2915,6.1557,18.02325
1,溞,PS,10.0,0.4329004329004329,0.08,0.0,24.0,PS_T24h,11.67,5.53875,9.115,16.1115
1,溞,PS-COOH,0.0,0.0,0.08,2.0,24.0,PS-COOH_T24h,0.0,2.54225,3.561010105990416,22.48760714285715
1,溞,PS-COOH,0.4,0.01652892561983471,0.08,2.0,24.0,PS-COOH_T24h,0.33,2.771,3.98225,19.6185
1,溞,PS-COOH,2.0,0.08264462809917356,0.08,2.0,24.0,PS-COOH_T24h,1.67,3.12375,5.845000000000001,18.98075
1,溞,PS-COOH,10.0,0.4132231404958678,0.08,2.0,24.0,PS-COOH_T24h,8.33,4.95875,8.68,16.36875
1,溞,PS-NH2,0.0,0.0,0.08,5.0,48.0,PS-NH2_T48h,0.0,2.6493675,5.053125250000001,19.50798412698412
1,溞,PS-NH2,0.4,0.018518518518518517,0.08,5.0,48.0,PS-NH2_T48h,4.2,3.96775,6.016475,14.0189
1,溞,PS-NH2,2.0,0.09259259259259259,0.08,5.0,48.0,PS-NH2_T48h,7.66,5.405,8.453704250000001,13.085
1,溞,PS-NH2,10.0,0.4629629629629629,0.08,5.0,48.0,PS-NH2_T48h,25.0,8.03925,10.8447675,11.00075
1,溞,PS,0.0,0.0,0.08,0.0,48.0,PS_T48h,0.0,2.6576175,4.93835036984068,19.50798412698412
1,溞,PS,0.4,0.017316017316017316,0.08,0.0,48.0,PS_T48h,4.130000000000001,3.640442500000002,5.295500000000001,15.0875
1,溞,PS,2.0,0.08658008658008658,0.08,0.0,48.0,PS_T48h,7.33,4.88761125,7.655750000000001,13.85238095238095
1,溞,PS,10.0,0.4329004329004329,0.08,0.0,48.0,PS_T48h,23.33,6.9697025,9.957,11.94894047619047
1,溞,PS-COOH,0.0,0.0,0.08,2.0,48.0,PS-COOH_T48h,0.0,2.6646175,4.93835036984068,19.50798412698412
1,溞,PS-COOH,0.4,0.01652892561983471,0.08,2.0,48.0,PS-COOH_T48h,4.06,3.19075,5.327,17.22675
1,溞,PS-COOH,2.0,0.08264462809917356,0.08,2.0,48.0,PS-COOH_T48h,7.000000000000001,3.420500000000001,7.6205,14.37775
1,溞,PS-COOH,10.0,0.4132231404958678,0.08,2.0,48.0,PS-COOH_T48h,21.67,5.98075,9.54125,12.18825
1,溞,PS-NH2,0.0,0.0,0.08,5.0,72.0,PS-NH2_T72h,0.0,2.6745,6.449945025,18.033
1,溞,PS-NH2,0.4,0.018518518518518517,0.08,5.0,72.0,PS-NH2_T72h,6.47,4.260249999999999,12.01125,12.04
1,溞,PS-NH2,2.0,0.09259259259259259,0.08,5.0,72.0,PS-NH2_T72h,12.33,5.860749999999999,13.2125,11.29
1,溞,PS-NH2,10.0,0.4629629629629629,0.08,5.0,72.0,PS-NH2_T72h,41.67,8.70875,13.7880095,9.275
1,溞,PS,0.0,0.0,0.08,0.0,72.0,PS_T72h,0.0,2.6745,6.062445031195312,18.033
1,溞,PS,0.4,0.017316017316017316,0.08,0.0,72.0,PS_T72h,6.27,3.95,11.759,12.505
1,溞,PS,2.0,0.08658008658008658,0.08,0.0,72.0,PS_T72h,11.33,5.327,12.6739495,11.64375
1,溞,PS,10.0,0.4329004329004329,0.08,0.0,72.0,PS_T72h,36.67,8.253250000000001,13.70325,9.97325
1,溞,PS-COOH,0.0,0.0,0.08,2.0,72.0,PS-COOH_T72h,0.0,2.6745,6.062445031195312,18.033
1,溞,PS-COOH,0.4,0.01652892561983471,0.08,2.0,72.0,PS-COOH_T72h,6.2,3.785,11.364748,13.4495
1,溞,PS-COOH,2.0,0.08264462809917356,0.08,2.0,72.0,PS-COOH_T72h,11.0,4.6485,12.48375,13.003
1,溞,PS-COOH,10.0,0.4132231404958678,0.08,2.0,72.0,PS-COOH_T72h,35.0,7.64425,13.396,11.3345
1,溞,PVC,0.0,0.0,0.8,1.0,24.0,PVC_T24h,0.0,2.551,3.901260106,22.54735714285715
1,溞,PVC,3.0,0.02349256068911511,0.8,1.0,24.0,PVC_T24h,0.4,2.608880000000003,5.651745910696187,18.02815476190475
1,溞,PVC,15.0,0.11746280344557557,0.8,1.0,24.0,PVC_T24h,0.67,3.341682500000002,8.27376450349479,16.82488095238095
1,溞,PVC,75.0,0.5873140172278778,0.8,1.0,24.0,PVC_T24h,12.5,4.854840000000003,8.700134855295143,13.84047222222222
1,溞,PE,0.0,0.0,7.0,3.0,24.0,PE_T24h,0.0,2.551,3.901260105990417,22.54735714285715
1,溞,PE,3.0,0.01929260450160772,7.0,3.0,24.0,PE_T24h,0.3,2.66125,5.30925,18.99675
1,溞,PE,15.0,0.09646302250803858,7.0,3.0,24.0,PE_T24h,0.5,3.131,7.74675,18.00675
1,溞,PE,75.0,0.48231511254019294,7.0,3.0,24.0,PE_T24h,10.83,4.58625,8.5,15.014
1,溞,PP,0.0,0.0,7.0,4.0,24.0,PP_T24h,0.0,2.551,3.901260105990417,22.54735714285715
1,溞,PP,3.0,0.01668520578420467,7.0,4.0,24.0,PP_T24h,0.2,2.5955,5.171,19.61
1,溞,PP,15.0,0.08342602892102335,7.0,4.0,24.0,PP_T24h,0.33,2.893,7.5845,18.39405
1,溞,PP,75.0,0.41713014460511677,7.0,4.0,24.0,PP_T24h,8.33,4.266,8.003499999999999,15.2035
1,溞,PVC,0.0,0.0,0.8,1.0,48.0,PVC_T48h,0.0,2.6507175,5.053125250000001,19.50725
1,溞,PVC,3.0,0.02349256068911511,0.8,1.0,48.0,PVC_T48h,2.57,2.789,6.1795,16.94575
1,溞,PVC,15.0,0.11746280344557557,0.8,1.0,48.0,PVC_T48h,3.17,3.98525,9.2455,15.05725
1,溞,PVC,75.0,0.5873140172278778,0.8,1.0,48.0,PVC_T48h,23.33,5.6515,10.6885,13.0515
1,溞,PE,0.0,0.0,7.0,3.0,48.0,PE_T48h,0.0,2.6507175,5.05312536984068,19.50725
1,溞,PE,3.0,0.01929260450160772,7.0,3.0,48.0,PE_T48h,1.97,2.70225,5.5465,18.4965
1,溞,PE,15.0,0.09646302250803858,7.0,3.0,48.0,PE_T48h,2.47,3.78825,8.30825,17.013
1,溞,PE,75.0,0.48231511254019294,7.0,3.0,48.0,PE_T48h,19.17,5.199,10.35775,14.04025
1,溞,PP,0.0,0.0,7.0,4.0,48.0,PP_T48h,0.0,2.6507175,5.05312536984068,19.50725
1,溞,PP,3.0,0.01668520578420467,7.0,4.0,48.0,PP_T48h,1.6,2.6645,5.26075,18.881
1,溞,PP,15.0,0.08342602892102335,7.0,4.0,48.0,PP_T48h,2.0,3.519,8.13875,17.77675
1,溞,PP,75.0,0.41713014460511677,7.0,4.0,48.0,PP_T48h,12.5,4.956,9.138,14.475
1,溞,PVC,0.0,0.0,0.8,1.0,72.0,PVC_T72h,0.0,2.689,6.449945025,18.02575
1,溞,PVC,3.0,0.02349256068911511,0.8,1.0,72.0,PVC_T72h,3.07,3.251,7.905644151694442,14.71857142857142
1,溞,PVC,15.0,0.11746280344557557,0.8,1.0,72.0,PVC_T72h,3.9,4.24775,9.660465822746103,13.86947222222222
1,溞,PVC,75.0,0.5873140172278778,0.8,1.0,72.0,PVC_T72h,34.17,7.55025,11.10141714199742,12.5697619047619
1,溞,PE,0.0,0.0,7.0,3.0,72.0,PE_T72h,0.0,2.689,6.199945031195313,18.02575
1,溞,PE,3.0,0.01929260450160772,7.0,3.0,72.0,PE_T72h,2.77,2.918,6.3705,15.011
1,溞,PE,15.0,0.09646302250803858,7.0,3.0,72.0,PE_T72h,3.5,3.969,9.2625,14.41
1,溞,PE,75.0,0.48231511254019294,7.0,3.0,72.0,PE_T72h,27.5,6.778499999999999,10.81125,12.9725
1,溞,PP,0.0,0.0,7.0,4.0,72.0,PP_T72h,0.0,2.689,6.199945031195313,18.02575
1,溞,PP,3.0,0.01668520578420467,7.0,4.0,72.0,PP_T72h,2.57,2.81065,5.79475,15.999
1,溞,PP,15.0,0.08342602892102335,7.0,4.0,72.0,PP_T72h,3.17,3.768,8.7595,14.986
1,溞,PP,75.0,0.41713014460511677,7.0,4.0,72.0,PP_T72h,24.17,6.25125,10.34475,14.0575
