split,idx
train,45
train,38
train,132
train,9
train,27
train,5
train,8
train,53
train,113
train,91
train,59
train,122
train,130
train,98
train,81
train,41
train,6
train,54
train,35
train,128
train,15
train,69
train,49
train,111
train,34
train,89
train,88
train,99
train,10
train,137
train,40
train,71
train,139
train,134
train,136
train,13
train,39
train,115
train,30
train,143
train,70
train,103
train,58
train,22
train,87
train,16
train,125
train,25
train,28
train,102
train,3
train,56
train,47
train,0
train,65
train,129
train,104
train,138
train,7
train,101
train,24
train,126
train,123
train,33
train,120
train,61
train,75
train,83
train,108
train,11
train,93
train,62
train,17
train,31
train,114
train,77
train,140
train,48
train,19
train,79
train,109
train,44
train,110
train,26
train,64
train,127
train,12
train,94
train,84
train,92
train,18
train,118
train,105
train,55
train,4
train,133
train,74
train,121
train,90
train,106
train,46
train,85
train,36
train,76
train,82
train,50
train,32
train,117
train,66
train,57
train,107
train,42
train,119
train,73
train,141
test,2
test,72
test,60
test,14
test,1
test,51
test,63
test,43
test,131
test,20
test,95
test,86
test,100
test,80
test,67
test,29
test,52
test,142
test,23
test,116
test,68
test,96
test,97
test,112
test,135
test,78
test,37
test,124
test,21
